Id,Titol,Vigent
fiYfkvA4rz/ML+AOCJ4FcFcF600sMiHFaHqvKV0hZuU=,"Accions  per a la defensa dels drets humans, i en concret, dels drets humans de les dones, en cooperació al desenvolupament.",False
u4SatfT5j9a4qGsPhKGyQpZeowM9My8bcnWsp2JPpws=,Activitats esportives per a adults 2024/2025,True
0dao3mddVErCbfi/BaAxpJYadLEjja4kiJR3SmlXxlw=,Activitats Persones Grans 2024,True
8cnvn74c+4vTFB4rr8HRpajSvy4TGT5+lLH7PRIGyHU=,Activitats Persones Grans. 2024-2025,True
6464PMs+P3T+oH9mf+eHqILRJ94T82+ZVajEvy9y23Y=,Actualització de dades / Resposta al requeriment de documentació en el Registre Municipal d'Entitats,True
V2OkKAfqJM1MlrCTMCI/P28kxShTS9c+1uUAubTTERY=,Actualització d'un dret funerari concedit abans del 10/04/1993,True
4zERfiVQAd2HdHmepIUC2i83QY7oTBgzv8UeItSn2hU=,Actualització per defunció del beneficiari,True
vM9yeSVrB90H+uS5PjGwpvL2pmBy+dj+QphAFzTVpJo=,Actualització per defunció del titular del dret funerari,True
CG6OFw4nbaWppt2XSQiU854ZaSH+S1Y4vCTIvsYzxhA=,Actualització per defunció del titular i del beneficiari,True
NrmSV9bhojMw5m7x8toYSWry0+hTLfDAVIaax/GOudY=,Adhesió a la Junta Arbitral de Consum,True
g6VJJZR2PeuYhtkHgDiE6O+x0KdgYKbdmR+0XoVoDd0=,Adhesió al Pacte Local contra la segregació escolar,True
JuusRsB5Vnf4EhOA3cF3VO8KF0bqqD8pdFJ3n9G4hFk=,Adhesió al Pacte Local contra les Violències Masclistes,True
WaHlxt4o1FBDaFwmL3O1edVdOlkbkqoM/yEN6kgf64I=,Adhesions a les distincions honorifiques de l’Ajuntament,False
TujxgXgWrKMewxvzlwpwf5QaQSQTGahCHCgq1pAfwJ8=,Adjudicació de magatzem en el Mercat Central de Fruites i Verdures,True
YmtZ04fJcMRBbEnQAQGdE0isf4BC8QW0IBJHKHabLbo=,Adjudicació de parada en el Mercat Central de Fruites i Verdures,True
BoAmCp5yuCRNhrW3Siy6AvRPWS4+l94wbksq2Vx8Jrc=,Adjudicació de parada en un mercat ambulant,True
6SQEx1CTSCHUsKznTVKWBpCfgNjsWwqQTTmM7OywFEE=,Adjudicació de parada en un mercat municipal,True
DTVKM1zVOI3DmjKthjDTtnZGbeO+OqWh0YZavCylPq0=,Ajut per a la renovació o adequació del permís de conduir,True
H2JsgXms+oPIWQgSoI1iQeUwUhZWadq/JdtU+JWc9b8=,Ajuts Familiars per a treballadors municipals,True
nVfST5JA3AHSIF8LieFWttMquKjc20twmr/0etM9K0I=,Ajuts per a beneficiaris,True
8/UBFaC+EC7Cw5iNFFMklEU+XiIvdtdSnPLJu1LhrrY=,Ajuts per a titulars,True
WEyMsohoigBVJMBQZaYLMB0QuiD66oYyu7DBAybjqmU=,Ajuts per al foment de l'activitat econòmica i suport a l'obertura i millora d'establiments comercials,True
ziN23c6TbqoOvyfE7Ne9D6EiLXGoFMDBC8YHhv9DhnU=,Ajuts prestacions sanitàries,True
IYwXs4XfuxaKebVYqe1Yt4wzckYs0fYr4CEIXnZnVgc=,Alta al Padró Municipal d'Habitants,True
y+K0bgZi3Qpi/iioXPAoAk9zm0Snup5Zjorlwcgttkg=,Alta al Padró Municipal d'Habitants per naixement,True
Cf8y9sfv8A3SM3T9WFaYF/YaCDFB4CS32BhVWCeprBs=,ALTA de resident en zona blava  / Bonificació tarifa vehicle amb etiqueta ZERO en zona blava,True
THjrlXYWPd39S0PGsQCkX0TGSn4EBmDafLFna3OEqfM=,Alta o canvi de domicili al Padró d'Habitants per a persones sense domicili fix,True
gUmWHPNwbQO7eVgPrj0W4VSFZ/3MZyaBlNQIIHP2aBk=,Alta o canvi de domicili al Padró sense poder acreditar el dret d'ocupació de l'habitatge,True
RfASSlbJczp5BVRbecJxWJqZroFeIcHKTBpm+YmMWtc=,Altres activitats,True
/MTfZFU+61dycpUuENyS9WNWQ2lJzFJpeJimWfP6smY=,Altres Atestats de Guàrdia Urbana,True
NCnjhj7TJPw9t8QVRAo0TCu1r1kRAt4b2+zgwKouSl8=,Altres informes o peticions d'actuació Guàrdia Urbana,True
A0Aw2ymtdmpFGD7vwZ1B2uBMWvYsNr0EBawwu0Wbv/w=,Apoderament electrònic per a la realització de tràmits i actuacions en matèria tributària i multes a l’Oficina Virtual Tributària,True
lJfawRdDzP3TuZWAh6uf5cZRVEzCEQxB/xYogTxoPGs=,Aportació de documentació a expedient de Teletreball,True
7jitRh8ZVopLPgbNVtEI7eh/ew3E0I96IFlNd0q+srE=,Aportació de documentació al departament de Contractació,True
16LYwHmPj4Rl1CX0rpzqxG0iygKYFdkCtRtxsY/MUbA=,Aportació de documentació de tràmits ja iniciats de l'àrea de Llicències,True
3411giRZaJUVDGGDnzDacc2ihr3g2az9PUOTOAy7tbo=,Aportació de documentació de tràmits ja iniciats de l'àrea de Llicències d'activitats,True
rW7UgCvYrnEBzUIsCEOd8BLrl3NzOSwUpEIMJ1o3eGc=,Aportació de documentació i presentació d'al·legacions als ajuts per prestacions sanitàries,True
C3BwxOo2jePEb4uZdG2MafJ2lvixnwtoJLimJISXAVU=,Aportació de documentació per a expedients de Padró Municipal d'Habitants,True
BcTZxLl1zMjN2MgiyKHX1clW3CzKpx+Iqatzub1PE14=,Aportació de documentació per a expedients de subvencions,True
ESaczP3/IVoz6jCfQtkc/XeLe0Boqks1DdvhiR7yqHg=,Aportació de documentació per a expedients de subvencions de Turisme,True
+RMaZY0iNBpUgCTfndSjpDAECoYX+P/GE72G6YD9CjA=,Aportació de documentació requerida per habitatge en situació anòmala,True
4+BHEyXUj0qwFvnfiUPsiGRT2ZPYpyMqd1XqWTpYZ6A=,"Aportació de documentació requerida per la Regidoria de Consum, Comerç i Mercats",True
sDbQETLAf31OdDUAgnO7Xm86wKamk1yfCZnRRhiXny0=,Aportació de documentació requerida per la Regidoria d'Habitatge i Transició Ecològica,True
IhSP8N4DzNtki05jR/GgyC9kubmeKYURK4/qACvQGjc=,Aportació de documentació requerida sobre la gestió de títols funeraris,True
+9hGyUgYGGqr/1tg7SbHuXM2SdoloC0VruPrL3jtm2A=,Aprovació Inicial del Pla Director Urbanístic d'activitat econòmica,True
3eRUW+HARtZ/5mCoYzqdRyt9hO1e+JpQAp8iALDLTP4=,Atenció a la dependència,True
UsgoEVGrGVuYXesxdUdj454vCC2tALcmPwMn2ePmZwg=,Atenció a situacions d'urgència o emergència social,True
oFS1XMCYgopTTmR3q0qxZlRHHNKFzEaNOO6O3a0mKG4=,Atenció social individual o familiar,True
94t3CjlAjrTVQlEElw83MbgSwrwH4nitLQyr1V/BwHI=,Atestat de Guàrdia Urbana per accident de trànsit,True
a2IzOthCq6m7JNtBrXHF0/lhrRwCdB+ln+H/XskGq2Q=,Audiència Pública Sensellarisme,False
glYlxgT+9uN1TLeCu2fDzv4dOQpiJMg8zm1OLQEvdUY=,Autoliquidació de la taxa d'aprofitaments especials,True
6dh6weta1jFzRG7on1MoqvG5+0CWST9XX35jbsqt1F4=,Autoliquidació de la taxa d'obres,True
q3l7y8jlQpiRqWvXWdyBeNvc6vZf+yphkhZy0t2kOSg=,Autoliquidació de l'impost de vehicles de tracció mecànica,True
JhMPPwP3Y/kW3sUKQohRdW/gbLdvrf5eZp3RjSJStSY=,Autoliquidació ICIO provisional,True
3vRyJl3K3oEshTB0Vi35dD/voVbeoba9vzvTy8bFDIQ=,Autoliquidació taxa obertura d'activitats,True
P15iarpXkgNsGqqWNkkzP0s7hlyXD+UUD9hXqenoVHE=,Autorització d'abocament d'aigües residuals a la xarxa de clavegueram,True
o30J/UPkNkb9ihfLDTmCA3SGVUqbPjtG5e7JNdaMFDU=,Autorització d'abocament d'aigües residuals amb camió cisterna,True
fG8gIozTOYUfKQAIpho8/brMbdFvBdsjfmR4BWifFjA=,Autorització per a l’ús de la Marca,True
4eEU7XxcaSRPrxPNNzwCzhRSjqtYiRd7FgpRFCjoY9E=,Autorització per a l’ús esporàdic de la Marca,True
ABTPvhUckI1Oz9TO39q7IFIXgPg55byPvTs6JoL30sI=,"Autorització per a la consulta de dades per a procediments d’adjudicació de despesa menor, inferior a 5.000€  IVA (exclòs)",True
1QT18KKL7fLKH0crL55ZJY7PnROgkeJt2z7CsJNiEpM=,Autorització prèvia d’obres que afecten a la fauna urbana protegida,True
mzmmnMHEfKOUtMB7/8JeJVqHuqmel5GXFVnfEYz1SXU=,Avís d'incidència en la senyalització de la via pública,True
u+rzTEruS2nK0+GVomDQm30dS9a0JuLWeUOno/G864s=,Avís d'incidència en semàfors de la via pública,True
MMEzNDZ8B6rUkYKPAWbsMZpivOl524KHf6YYW4E/Fds=,Baixa al Padró Municipal d'Habitants,True
Pu/4PY0TClHHKtWXxz2Vr/D0A+Ic1iPxJlhu73iBW9g=,Baixa al Registre municipal d'unions estables en parella,True
3Zvx8B/3B4C3bLO+B/b2CLEN2QDB7HbHcgoz3Mx/j5A=,Baixa d'alumnes inscrits a les Escoles Esportives Municipals. Curs 2023/2024,True
5q9xvTw1AHC14lBvuZJuEwJH/hEqMOzUznsUaYifj3k=,Baixa d'alumnes inscrits al Programa d'Activitats Esportives Extraescolars Curs 2024/2025,True
UWdGlNU9P1tLM/u58oD1Fy5ybUpTrR4CNpzl1TpKETw=,Baixa de parada en el Mercat Central de Fruites i Verdures,True
5LJf5Piekn+pWF8kLV1ClpZq9Jxr/AQzmUK0SNYcv1U=,Baixa de parada en un mercat ambulant,True
fkVUe72jP1DIl8PPrWJMzcaYQhuRwomwCsPGP1RWzJ4=,Baixa de parada en un mercat municipal,True
k58HteP5BrjXHxvFII8XrI1H3OGw2enHtZKJeIlPSV4=,Banc de Recursos,True
roQWmSiOoFhr3z1jPbQCpOH381LYwwFfHflnzwaVb6o=,"Bonificació de l’impost a favor d’immobles corresponents a edificacions de naturalesa rústica, afectades pel procés de regularització cadastral",True
lOFwPU5Xari6jQVmGoV4ZjRbsR180r+xa7wiJ+3+uNw=,Bonificació de la quota de l'IBI per la instal·lació de plaques fotovoltaiques,True
XGfsXjAEmuOokSaJtdU8cb9IxtGHTZcMp6b04JLwgtM=,Bonificació de l'impost de circulació per antiguitat del vehicle,True
JDGd8VhO8cI7Aw7m3/t/xDBpu9j5e8e0K1Amx2F/7uo=,Bonificació de l'Impost sobre Vehicles de Tracció Mecànica per etiqueta ambiental del vehicle o per vehicles tipus turismes que justifiquin la instal·lació d’un catalitzador o un sistema que redueixi fins als límits legals l’emissió de CO2,True
w4rSnRJzRLXJTpwZ29avdGJYy03ZyiNR081gBxM0+bE=,Bonificació sobre la quota de l'IBI: per habitatges situats a sòl rústic,True
SblG9suwqQ1NwLVEsjgunLBJ3SfuOKCBGbfGp9aJKr4=,Bonificacions en les targetes de transport públic per a persones amb discapacitat,True
+1JQhTbg4lgyTIo1IfnXsGHt0uVmFQui/PprXOhQCOQ=,"Bonificacions per a estudiants, de 16 a 21 anys, dels centres d’educació especial de la ciutat",True
j2dC8ORe/UWMqgf/sYOi5AVzHp1Df1gPBmPQKaDy6hY=,Borsa de treball Tècnic/a Salut Pública,True
kV+CGctOTul7nRnJOCJDSeX5AwJCKEY461TKFgU3Z2I=,Borsa treball monitors esports,True
/o5VxteIj4P6dGS1H8PcQRV1u4NwtgIiJ6jpDu1D4hw=,Bústia ciutadana,True
uhZqrmTdHoo9mGMiwfBGB2egEP/eNjBpQGjT1rcKGQY=,Butlletí electrònic de la Regidoria de Polítiques Feministes,True
tEPB++QTF9UfKFJtwXk1qnsE+sJFiJrldgtQakKV0tY=,Caminar és fer Salut,True
vMP8e9UVbee7H/T9yRIfEV+6P5UJrnACMVRwHVaMlac=,Canal de denúncies ciutadanes,True
JTWw7cdWhuzGPUvH6ja1zRVYDLrcQaZ/I8FQAUv3rgE=,Canvi climàtic: causes i conseqüències,True
URWHs/n/T+WSn08H/ORIcMG9UEa/BBd+4DR58Hjf390=,Canvi de beneficiari per decisió del titular,True
niPbqFuPm4EFtQIs2qZ8K+CNzkDwkPceV3Ikq6vHzKE=,"Canvi de dades fiscals (adreça, telèfon i correu electrònic)",True
ityv15xgI1ShBC8UTdAsL/4xSBmvOogbBUQdLCHivrA=,Canvi de dades personals i/o canvi de domiciliació bancària,True
x5KAnC42N3i37dQBiQfVE/vyc2Kk2qiPGuqKExlhW7U=,Canvi de domicili al Padró Municipal d'Habitants,True
2VziTnNcOEjz0eJltsX6I8ofI8jPL5W5z+tpe7RnH4o=,Canvi de material en llicències de taxi,True
g2WNBeVVPvl6ygYIf9bHNcAdPvEnwZPAEdTrHd2WEQA=,Canvi de nom de parada en el Mercat Central de Fruites i Verdures,True
V/sH8su2/+hPlCzkDCXG17uGFaIX92YXz5ixGLEzPEo=,Canvi de nom de parada en un mercat ambulant,True
nJI/TKC2UEa7U6uTc3HpVIS8aficySR509gjo0/ae0E=,Canvi de titular,True
WKRfUgi5+d3eNAFkj73KoG4K5EsFm/4YLEa9+i1UIlo=,Canvi d'ubicació o ampliació de parada en el Mercat Central de Fruites i Verdures,True
UvaSRWCTAjlCAwbMhVSmqJVeshdosF0Z6x1Fq9sXsC4=,Canvi d'ubicació o ampliació de parada en un mercat ambulant,True
KJcfvEjncxda+wpDvMIEUa6LTPG5BQrQ0EuNKDfuGtM=,"Censar, modificar dades o donar de baixa un animal de companyia al Registre Municipal d'Animals de Companyia",True
uOTLXvLAOTybbMbkIfS0qpr1WtnIRw0Vt5ciYfH9kb8=,Centre Municipal d'Informació i Atenció a les dones,True
1UHG4CqK3H3c+K8oUlXezIfmeuepDjYkoQFaimOqhK8=,Centres de dia municipals per a gent gran,True
uWLq9zLjbGbuLn4xm5RP4vp7l0zoeHJ23P74b2Ws94Y=,Centres de Persones Grans,True
CXci+G5DHk5g9N4VP8gZpjPlxbQ55J1V5VRXauGS+QM=,Certificat acreditatiu de la inscripció en el Registre municipal d'unions estables en parella,True
KZT15rUnN/tc3Ao55Kalteabs1NirmZ+E1n5WzWHwJw=,Certificat d'aprofitament urbanístic,True
YxR+lDoFqAeIl8IoXE8hmy//ZWax6q97gGGrnE3qbro=,Certificat de dades del registre d’activitats,True
FKCtMWPFSZssfgm52D0i+zLmIC8QGW5BiauNKSvNjzs=,Certificat de pagament de tributs municipals,True
B2+3eBtBS5YNDdNNtXIYzONvnmUColyw3VK9gJsZvIk=,Certificat digital idCAT,True
8lDw4xWt9nDupXSCklesmSTFyb5AL82nLym27mn9AyA=,Certificat negatiu de deute,True
8KiBELIkMWt/c0viQeowIBwHkXxoqz7hr2yU84305iU=,Certificat negatiu de la inscripció en el Registre municipal d'unions estables en parella,True
Vzk1CNlByS9DI9v+P2GjtoFXwu4gz7LOGDgq843d2Y8=,"Certificat per treballar amb menors -  Certificació negativa de delictes de naturalesa sexuals, certificació negativa del Registre Central d'Antecedents Penals",True
/G7JgOWHzNkVUDM/pT0ZHAC6igSeC+EtcTenAR10EMQ=,Certificats del padró d'habitants. Expedició automàtica,True
kZo029QxQ/wdZrLs1Gqvce2e97DUk/hiCOLnut57bZw=,Cessió de dades personals al Padró Municipal d'Habitants,True
JqSth5gKEJoG+MV5hunPheFegwSEVjlQlLYlqytlMn4=,Cessió de la llicència de taxi,True
/H580/Kb0mC56bGtqZlmQyePH1qgeLRqPBwuLZYZBIE=,Cessió de llicència privativa d'ús de parada o local en règim d'arrendament en un mercat municipal,True
WSz+cqp76jqjmiUUJX4ERXWcjzjHriSdI3FYo1yutkM=,Cessió d'ús del dret funerari,True
FmTlTmeWZg8aSlapIXXdcl/SNGgQkaJQXenynDWM3Ow=,Ciberaula Municipal,True
U94mIL+pjgY/xXWrzuBOaGN22LZLg3VGVBQ4jXpbS3U=,Cita Oficina de Gestió i Atenció Tributària,True
28gCU7TlV43mJ2xFHaIxwmiR3BzTA6is+s5Y35NHFsY=,Com fer compostatge domèstic. Pas a pas,True
cRZuOW2Z0nGzSdFYdX6eE7/0YlT84u5LfT2rjc7e/lY=,Com fer compostatge domèstic. Pas a Pas - Inscripció a la campanya,True
RrNzgF26G91AljdUfkJMWK5TAAPLPR75ifH48cCBikw=,Com fer el pagament de multes de circulació,True
CCeUm7mpv9a11k+duqLXcT7K++dg6se9n6mGCRbl3TY=,Com fer el pagament de tributs,True
TUSPQNkm/8tvoRiLkKfWNdZt9avIcX7AGMDJQ6U04bE=,Comprovació de la inscripció en el Padró Municipal d'Habitants,True
aF28+4HPSE66ileUZ6JorC+l51WH0B9M5dDTTpGknFc=,"Comunicació d’instal·lació, manteniment i control de torres de refrigeració i condensadors evaporatius",True
Uon/hvIPEEQTscvURwvo/igku094PQTSZqtr9q2Tcyc=,Comunicació de baixa d'activitat,True
3UPs8Ec8pgmpKmleUzPZ8fnBzfpzQAXWHci+OeTIOV4=,Comunicació de canvi de titular (transmissió d'una activitat),True
W5qy0NAWZ2j96403/P6D9KJ/rdiAREdfoQRG19sTK38=,Comunicació de canvi de titular (transmissió d'una activitat). Amb autoliquidació,True
0syvMyesD4GWxe6sWTaYIUvvhRftrmNA9oEXyVXo278=,Comunicació de control d'un expedient d'activitats,True
ITjVmc1qpfpPh2n1JJL+sX7fGxnJoP09t3ibyTygjf8=,Comunicació de control inicial d’un expedient d’activitats,True
uclZO6zcOo7lfRVc6GZITluC+st2p78WpXJsmqqPzkA=,Comunicació de control periòdic d’un expedient d’activitats,True
0UT3E4tZ6ZQfao/9IwTcEWUnyEIEtOpdA9Dz/sf/wyQ=,Comunicació de control periòdic d’un expedient d’activitats (amb autoliquidació),True
HHhLIS45hnV7syR0NjH4nmCzlx3kbBXe3G8wxaxxloA=,Comunicació de l'activitat de publicitat dinàmica,True
1hvim4wTH/HbwOfxrmk85JG+O5WdCjNbZ9478ruHXnY=,Comunicació del canvi de domicili del Padró d'Habitants a altres administracions,True
lbGzbNNBRei9VKpqeHPRA5+xM9bV265xPQ4p7PiH9u8=,Comunicació d'inici o modificació amb certificat,True
O+c0Yd3AXDDyvTEP8JgtVHvFby0KnMyXA1vwlDSlkbo=,Comunicació d'inici o modificació amb certificat (amb autoliquidació),True
Q0sFA1FTEFzyka2c6hsM+f8aBLOBGR6irT6AVTrpK1k=,Comunicació d'inici o modificació amb projecte i certificat,True
rOdKhfAHspkBh011jYKiWpX612BcqgicvLoXqPUT6p0=,Comunicació d'inici o modificació amb projecte i certificat (amb autoliquidació),True
WzA4Xo5tO9h0fOzl4DgtztWWH1Kt+NVyV/LotMGErvk=,Comunicació prèvia ambiental de inici o modificació,True
UFo7YbNLxp900X68ysk/Lb4HGkw5SEhb2WoYZGDO3Y8=,Comunicació prèvia ambiental d'inici o modificació (amb autoliquidació),True
ypOtChkl/MtEtu7yfN6mMr7pYLyS/SJ0DHXhr0BWlVE=,Comunicació prèvia d'actuacions en directe,True
7uThmvwfX8pBkMzBnjrwVL96CRb4AT4ezaaruf+gzLg=,Comunicació prèvia d'actuacions en directe a l'interior de l'establiment,True
+gzoIX67Vc3BDtzzSrI8PH2ofTaYmCgjivWJT/o04e4=,Comunicació prèvia d'actuacions en directe a l'interior de l'establiment (amb autoliquidació),True
Zs+jngPqMlWp0H6YtgotJ+gzOsahnqg3asyBhxdfO6s=,Comunicació prèvia d'actuacions en directe en terrasses o vetlladors,True
5YxiwwMkKYGOPgCxCcP+8CkJIsmKyrNNN9UbOKbZb2U=,Comunicació prèvia d'actuacions en directe en terrasses o vetlladors (amb autoliquidació),True
Un6WylEaskzFVeXhs/Hq7qnRI+7Hl23RWaNPxmUa4Pk=,Comunicació prèvia de modificació no substancial d'una activitat amb efectes sobre les persones o el medi ambient,True
yj6opM9q9AQ1h1V7utMYvCAsfESBHX7fdWxHTKs0Tk0=,Comunicació prèvia de modificació no substancial d'una activitat amb efectes sobre les persones o el medi ambient (autoliquidació),True
EUGUYCD9cTnlwsVdy1T7YiQTRzTHCaySQ5GqBsavzY8=,Comunicació prèvia d'obres,True
2Xcma8694gLUzbF894moDZhMNKxdocW7ujCcgdxBs3Q=,Comunicació prèvia d'obres. Modalitat A,True
b1kvVJPFFvRhzfa+YwMUvVrjtbIMTuvVJ2l+ld7eCoY=,Comunicació prèvia d'obres. Modalitat B,True
z8dHoTJgMMaOc85rzSQyFUiBVWw5dZ4z4dIux9dlQIs=,Comunicació prèvia d'obres. Modalitat C,True
w4EcaafdDrVeA5TGIY30bcmAwmebVH3xIF8an/ErK+o=,Comunicació prèvia d'obres. Modalitat D,True
Rf4ZolV5G536lJ+7d+BIPWqTADW8st9XkzAb3HcDZ88=,Comunicació prèvia d'obres. Modalitat E,True
1V5ROfNCWQgQF1bTglNwfGB+lO0mU4Qg71P+eI/WraU=,Comunicació prèvia d'obres. Modalitat F,True
RLcE1idpTwku1WJDaj2xuDNdlCsdwKiEEZ9vY2rvYf4=,Comunicació prèvia d'obres. Modalitat G,True
im8hDLzB8riYW1faBL9ar9YdJBtGwDoxoqZRSOD+1dk=,Comunicació prèvia d'obres. Modalitat H,True
UrqxryQPs2LyuQGSjMj9g8XFjpyDrIg6rXE/pFnC/zA=,Comunicació prèvia d'obres. Modalitat I,True
BpShI7dXX6/qqjCHNHBXX/wlz4sJI36UrCSre2awUaw=,Comunicació prèvia d'obres. Modalitat J,True
1b0C6oB6OkFDSX62RkGNvZtju5x+gsGyTkwNU+I90w4=,Comunicació prèvia d'obres. Modalitat K,True
2DOrd5wHHjYbtrSvQ+SyTH6HUDID5z+XV/cV8aYOSzs=,Comunicació prèvia d'obres. Modalitat L,True
wNQ52JiyhLf/xlPaucty6lkQvKe2z+0dz293CuiBvSw=,Comunicació prèvia d'obres. Modalitat M,True
Ek0GUditZ2JaOfq1QDwz1Ge+JKra9X11xB0bHBReEAM=,Comunicació prèvia d'obres. Modalitat N,True
rKyj6qLyfyWtywfZ5MQZx4tsyy6ukWxMCO2ssjII/x8=,Comunicació prèvia d'obres. Modalitat O,True
rx6cmqE5W77V5D/TPqGD0NpqY8UFam6bjeFsTSM3qrU=,Comunicació prèvia d'obres. Modalitat P,True
QIWeUdiZHMUxoEdVhjz6A+E9lsV5NGaBbj/VJmRlA6s=,Comunicació prèvia d'obres. Modalitat Q,True
EHa/e8aFElWhQZJilh70lHAjEIzo/aebqxnRLfpIcO4=,Comunicació prèvia d'obres. Modalitat R,True
qnxl4IhqluW9VWtXj8Q3wDZR/1AuDxnNEOx0nazgeUY=,Comunicació prèvia municipal d'establiments no permanents desmuntables,True
/T8aI0gX1njc+Wn59vo0wY8GbicYbWyV+6TBmDwdAeE=,Comunicació prèvia municipal d'establiments no permanents desmuntables (amb autoliquidació),False
jPeqaf+RlPEou4R988+8p4Yzw8ZWZU7uW1V68SR6JDE=,Comunicació prèvia municipal d'establiments oberts al públic d'espectacles públics i activitats recreatives ordinàries,True
DRtDegkvpvhLx/MABrFU0VSL+P/PHEMxIhOcYbLQ//U=,Comunicació prèvia per a espectacles públics i activitats recreatives extraordinàries.,True
WmPQse24dJhTgGRi1ZIoo6KPbw9yGELY6hzg8p4YQRU=,Comunicació/autorització de crema agrícola,True
7j8bB1PJmt6W6IOlnwgWNpwyrylSKNCXFRzqRykhGJs=,Concessió dret d'ús funerari Grups Separats,True
yvNEcTy4iLcTfgnMoaiHSBLMCVJNF5lDNSRZSbVG5xU=,Consell de Joves (ESO),True
J6YlPd7XW9dfEaLHqXveLitwvKIdJSsDSqhKRTdhLX4=,Consell d'Infants (5è i 6è primària),True
lNPF+yYwfcMkCAZ1nwgC+jc1zbO/fH6fuEXc/e+9eM8=,Consell Municipal de les Dones,True
F44SENm3hXJFIRNYZb2CgWa7x6bj80HW4eFGVUrprpM=,"Conservatori - Sol·licitud de bonificació per família nombrosa o monoparental, violència de gènere i amb infants amb certificat de reconeixement de discapacitat igual o superior al 65%.",True
aEIG/P8zjHspmXVTsJg2v3NN41QLESoVUvu5LOI7EfM=,Consulta d’expedients d’activitats (Secció de Llicències),True
4KE5hVcLhuR5hNmelkoQQkHKbY+pYKWx0izJQGdnvxE=,Consulta de dades de rebuts domiciliats,True
ngXWcM24ttoDq+uOqAi9wCPJV4E8N5pUHB3ThIYMzsI=,Consulta de fotografies de multes per infraccions,True
GgUezjw8lhmTMS+i6JdvyhuY5wOeI2j4fQxLvw9ypPU=,Consulta de les inscripcions fetes a les activitats del programa d'educació,True
OwMGwNHm7i5ca1/GxM+w6PTa56KPvOeExwc5FmAeEj8=,Consulta de l'oferta educativa municipal programa d'educació,True
jNos9Ffia1hbJvPUnfksa3CFdQR/FUICLjKwijU67Z8=,Consulta de parcel·les d'IBI rústic,True
XvXs7UnJuXvXZEG4QR107c4o2TY/uCl7LsD1Y2iJuAY=,"Consulta del procediment, codi i documentació necessària en funció de l'obra",True
wJ18n/ggjmWLP/moMrZJeSwrscq7jPFsBj0AVZM7fH0=,Consulta d'expedients d'obres (Secció de Llicències),True
hcxF05K/hkfyUbcjmmb8n/70BvWtsKo7GYGxCnqJdSo=,Consulta tècnica d’indústria i activitats,True
P4NumIZEplajL//BKzCR8YP5qWc2GfvXIwzENwh7TeE=,Consulta tècnica de llicències i comunicacions d’obres,True
PqGp/rVNyEGbDKXsI3o+LNgeP16MlALhYtzycybLTCk=,Consulta Tècnica d'Obres o Activitats,True
ij++N3I3k6zqH+iEvYe4dbcg1EKaMPnNFyzHUaXM5wI=,Contingut disponible a  la Seu Electrònica,True
PoZ5oOV2AF70vDdccxd5qoSri0d/3MM64P45U5bW/14=,"Convocatòria per a la provisió, pel sistema de lliure designació, del lloc de treball de SECRETARI/ÀRIA GENERAL",False
IWxvcKRgG5oke74bN1IMgR7r8zKIB4oZUTHhWEE+F9A=,"Correcció de dades identificatives fiscals (nom, cognom, raó social i identificadors fiscals)",True
fuqQJOWE77VdWZGh+M2Z6Ee9Rsu6wFzsBqPUBmtH+S0=,Curs bàsic de formació a cuidadors/es no professionals,True
Z5c5HE8EXWfbyJ284dMz5NejLp8cvX5qnjP6wosR5pw=,Cursos de català per a persones adultes,True
ZEZyjGJj2ExwcFlXMv1OzJpFMcPq6jNeVeMz2NybUVo=,Dades obertes - col·labora en l'Open Data,True
IGW73jL9NdsS5a3hWJU1af5d7h086oQppsaaK9LV/wI=,Declaració responsable per a l'ocupació de l'espai públic per a filmacions,True
DEoX162N58nO3cUk50mtMFcymMCYel6URyShbHtv0Xo=,Deixalleries i deixalleries mòbils,True
tsqvLgaQV3QO8ir4PI8sIv3zmsdlzpXWpMfWxv+EV2U=,Demanar bonificació per la renovació o sol·licitud del carnet de ludoteques,True
DihItvQCgt1zQyuEmIUYu3nUD1oZqsz3DRFfy+JIqjA=,Descobrim el medi ambient a través del joc,True
SD3lEngBfK4AzggvBrcSqEXWNZb6KVe6SYDwWmhYXUU=,Descobrim la biodiversitat del nostre pati,True
Sa7gUcX1lGGOXBIJb0IktjX1p4s2lxMj4+8YzoCQqxI=,Descobrim la gestió dels residus sòlids urbans,True
KIkfjo1Ha5CkQqvJGztrbQTFBymZhjWtNMPNgRVdlPo=,"Descompte 50% estudiants de música, teatre, dansa i circ menors de 20 anys",True
nCyC1dCGP7bjYpvb8QcIjkaGQIGi5TzB9wEvn79YhFE=,Descomptes municipals per a persones amb discapacitat,True
DgUCJT6J/jQsybBuAz6W7j5Lp+TUIWegfN/83YW/OoY=,"Discrepàncies, incidències i suggeriments en terrasses",True
QqniC91yWYNhsyTkQX/mxYzgOvgzauUQJyv9906NUsg=,Document Nacional d'Identitat - DNI,True
DyCzWXZGkpXEgPRWXLwR87Rt1VcCJH6k8bKoAUZrIJU=,"Domiciliació bancària de tributs: alta, baixa o modificació",True
yyJ7ecwlSfz5mvx9sg2alDsNYPUWr9zjjJ+JCBDrxa0=,Duplicat d'un títol funerari,True
KlnLiDUSXDfqTx/XPwFBhA2bJKbcpqA8XtvFm5TbIzQ=,Duplicats de documents de pagament de deutes municipals,True
CmV1cgjzhfuXVtoF8FGg9rqt/ZfJXNq4SfZ76Ts8fBM=,Duplicats de documents de pagament durant el període de pagament voluntari,True
pFp4KPobrpBY5/K3NkSgFNjoPTo935tI7qHqNe3WYUQ=,Duplicats de documents de pagament durant el període executiu,True
CGtJpLnVcIzLIS7GhCukg1o6vSfhEpegtstjD+Eq7wI=,EcoActivitats: inscripcions a les propostes de natura i medi ambient 2023,False
M3ZiHcdgYyWSS9HVpCezKzgk6C6rwCA4T18LNTcUgcc=,Eliminació de pintades i grafits,True
WcO1Uci2aTlUgcnBP6wn3RM4G1TBElV4N90GOTp82A8=,Els Processos de depuració de les aigües residuals,True
jBx+OWAanol4XmecG1R9hqLDVIrfHDllnS9vwBnejy0=,Equip d'Atenció a la Infància i a l'Adolescència,True
YRF//w+MwbqTDxBQPWLYmj1K5If0kewY8RR4gz47Ojg=,Escapada climàtica,True
P3YA76kl8jqrHlCd8fCpKoUVsf7CQd7de5fbDuoKLF0=,"Escola de Música - Sol·licitud de bonificació per família nombrosa o monoparental, violència de gènere i amb infants amb certificat de reconeixement de discapacitat igual o superior al 65%.",True
J9sZImTUZEZ3CMWFRtMAee/vaPcPFQ5IxiivvWEVmBw=,Escoles municipals específiques. Curs 2024-2025,True
FLQoHztHr9vy/zMTwSi6CQuf9IW53vwCPJTXydQO01s=,Esdeveniment no habitual,True
kFZWRFYTGQt+uD2snnL3m6jjtJrTAM3fwB8PvzG1c9A=,Espai de creixement personal per a dones,True
sq6OMas7cbCRRkL9jK6OhXf2qalVs18KaZ9fdQxsll4=,Estacionament en zona blava (Condicions per als residents i per a la bonificació per a vehicles amb etiqueta ZERO - renovacions a partir de l'1 de gener),True
zAOgrR8o9+CbuyoNubBCYZIQcqHEMQ01cr5niXNFHw0=,"Estalvi, Eficiència Energètica i Energies Renovables",True
vvks5qWoiUPZNXC4ZjhzpMuAvczdfUa3EE/v0ZTTo9Y=,Exempció de l'impost de circulació per a vehicles de persones amb discapacitat,True
5l54NaLUAJqIjx6arH3KsP2swtoov8PHhOQoEGJDPkQ=,Exempció de l'impost de circulació per a vehicles d'ús agrícola,True
9lRHVkyk8MlzXK5dVVJmWVbLC9jFTdjKfZm7nqGnrZI=,Fes les teves aportacions al Pla d'Actuació Municipal - PAM 2024-2030,True
ZHyTmCXZRQ42U6BVkvis0z/tEyS9k+/ItJUe3zI9Nkw=,Fitxa de cens per a les empreses i indústries culturals de la ciutat,True
lkBobqSxdCgnT4/3TcNBfGrGfK9bl5lRreG35ZhSqy4=,Fons Municipal de Solidaritat: Ajuts econòmics per garantir l'accés al subministrament d'aigua potable,True
WPXFffQDK8TyVmQXm48qmQN0YAJSVq3p5k+lCqV9f+E=,"Forma part de la Guia d’activitats de lleure inclusiu per a infants, adolescents i joves",True
e/nCcBrfCuxgoviyJGibaYEt9SwBUI8TKKl4nijbIAo=,Formulari per a la ciutadania,True
p7pEGbCEv1ogNOyz6yxX9BPk18Mo8ys7/lEjxWUkneo=,"Formulari per a les Entitats, Associacions i Empreses",True
W9pxj/IgNfLwv2O4J4LkJTMLvwtQ6hx4Lm4pEv5RoF0=,Fraccionament o ajornament del deute de tributs municipals i ingressos de dret públic,True
rdw4X9VwDjoPkktmagP7WHlUD0aGQp6ukLeQiNOyGBw=,Full d'informació d'accident de trànsit de Guàrdia Urbana,True
b8u/Egf0EfCXw8IEliyjqYW3CfUNrHl6Jj3RD+4YyG0=,Grup de treball permanent +65,True
5vNCVIwbIfJT4IH0z/ADNFqUWFl0+nY1HQOnmYBdjQQ=,Guals permanents (sol·licitud de llicència de gual),True
LplJtBF+kYKpc//R6E3JUj0+EnK0CWmSEbksSn7fYiE=,Habilitació d'entitats col·laboradores per als procediments de llicències urbanístiques,True
2an8wbAuzW5v97zfe88Y68DCCGWXRLe3qPAIXhtMGMI=,IAE - Alta de l'Impost sobre Activitats Econòmiques,True
7TGddiYXIi3/4/EaUK/ycqY/ZpJR9mYs8B0032xkYAM=,IAE - Baixa de l'Impost sobre Activitats Econòmiques,True
LX8qWQJDMrthjA9QfFRhHaM1rYiSQvRpkfW8zoQsrDY=,IAE - Impost sobre Activitats Econòmiques,True
j0uwt/VJnrfjUFX9MMIOX9pPxLKIFxSimgUuNSzoUtc=,IAE - Variacions de l'Impost sobre Activitats Econòmiques (Declaració de variacions i altes complementàries),True
ZIMPHHE2HW502tL9PgtqAaWbbItl1FoR4PwQw7FxxE4=,Identificació del conductor habitual o preferent d'un vehicle,True
v8UKSQwohcUuHqCRgtfTA3i+afhHAlBtlYsxKQX/i8I=,Identificació d'un conductor responsable d'una infracció,True
6QBY78ng/mOg0xige3Sv6oL3wRHbU5qY/kyoJVqeeaw=,Impost sobre béns immobles (IBI),True
6qz5F9e4QdriWKYfesYYu9YDOFiH4bRLUqNCTL6KHZU=,"Impost sobre construccions, instal·lacions i obres (ICIO)",True
ZAdOdSmHXm4GxZl+2iqVT/4eDofZ6mk0bYRmDb3/neQ=,Impost sobre l'Increment de Valor dels Terrenys de Naturalesa Urbana (Plusvàlua),True
qFmXKxEME0vpET3ARlqsqawMPOfpjE71MDzv4OcqXrI=,Impost sobre Vehicles de Tracció Mecànica (IVTM) o Impost de circulació,True
h81wr4CUhHbnEt02izwHYeoWU/8YiFL9z5ZZOc5Jjpk=,Informació general de subvencions,True
QU9mLQ6JI3oaI9hl15kAh/NQxuZFRBk3q7k8qSl3OgU=,Informació sobre l'impost sobre vehicles de tracció mecànica (impost de circulació),True
6ruRKSURKfVwTMFflli1ri+M4TuFoxpIyAjM5Osezlo=,Informació sobre multes de circulació,True
Alt9AX/OcyVL9DQET3k18xe3qB4ZgN4h1o50OE8Eq2Q=,Informació turística,True
tt12KDaNCWKyUTzoi0grADq95onKmdvcdrS56i2n7+o=,Informar d'un problema d'accessibilitat als continguts digitals,True
2G4l1Ii3MLxP5Z+n2KiQr+giJvM0LwWsiHnVHrGxZG8=,Informe de canvi de nom i/o numeració d'una finca,True
xxntYLNmquOpdi+daIVGp06g00aliUX9c47zVVUoHFc=,Informe negatiu de béns,True
4bdD1C3D9WFfnmQVMu6Rn/ClPfZs7RRulgtjRSE0h28=,Informe previ d'arqueologia per a obres,True
Qaz1aUP18P3IMNhsp4cMo9ii3/4++uiBn5Ors7Z/9i4=,Informe urbanístic - Consulta tècnica urbanisme - Consulta de serveis,True
ioxc55cwy8UiiBo9+LIN82QqXpM6WOGfuwGhkbaSk0M=,Informes d'estrangeria,True
VhilDrf27ARJphi79zxM54wbSxvUxh+0IwiH0GDC3Vw=,Ingrés Mínim vital,True
RWnMK0hX6YBr+l8seOsb1ueYkUJkxkIdGNP+lohORrE=,Inscripció a les comissions del Consell de la Ciutat,True
4nXzf/c9SqqPbc1tEFjWDisE7ihWQrnK4Hlzx9UoEjU=,Inscripció a les Comissions Sectorials de Cultura - Consell de Cultura,True
f+7do77B5lsXZ9eaD1t6dDpkn8gWW2BLi/Zr8XeprQQ=,Inscripció al programa d'Activitats Esportives Extraescolars Curs 2024-2025,True
EdD0nI7cM8vEkE4QJEvZ7F3srTYaKtY7yhuEXm9KGXE=,Inscripció al Registre Municipal d'Entitats,True
hj+krzaO3NsiM7HnjELn3RdpBiTAR7M1dbb+nvhr0Zo=,Inscripció com a usuari de la xarxa de ludoteques municipals (carnet de ludoteques),False
+tdO4AtyvNhqJfSd87mpHETALCDJdlLWyCrQyGQ5MtY=,Inscripció com a usuari de la xarxa de ludoteques municipals (carnet de ludoteques) Matrícula i Material,True
dtZGZ/LHfOi7rclDg+UHUwAznBl6B9JE1dLWjjJ5REo=,Inscripció per a Entitats,True
qQd04SGJOkW4EDxp72co8gaE6ZU2BCFR9tM+8eJYDNU=,Inscripció per designar els membres del Consell de Barri,True
sQZIt3YjzHT0A+rZrRJDxJz+puwEcsbcc6F/Om3f4ks=,Inscripció per designar les persones de rellevància,True
U3Vu1agXjNYImT+WYswtDEix6rIXkap2KY8HAViH+Fg=,Inscripció per presentar-se com a persona candidata al Consell de Ciutat,False
7OKos74xEunvBD3z3AAFYvMX1Y8vQt+CsL47JZU7F8s=,Inspecció Tributària. Conformitat amb la proposta de sanció,True
7vOSJZ3gZfLhRod1jb78qVvL/ur6JeuKiCOOPjOYj1k=,Interposició de recurs en relació amb l'Impost sobre Activitats Econòmiques (IAE),True
KqtxfqdcmuOif31IJRmXnK8H0wTs6WXOBpgVthrYbyE=,Interposició d'un recurs de reposició contra una sanció de circulació (en cas que la multa NO tingui descompte),True
WHvFMJUWJFKq0HBD9GJkpUtn/XdE+hdiZxz3CBm7QCc=,Interposició d'un recurs en relació a l'Impost de Vehicles de Tracció Mecànica (IVTM),True
UZvdKoFsa2hBX0d3yp8YQAB9J5G7F6w0iPX+E6451As=,Jornada formativa en habilitats per a la vida,True
M2aIl01y1LN5wEU7clzRKZKK4DFnEXsn+B9A48KhbNA=,Justificació de projectes subvencionats,True
rLY6OctVKomdubnF8jakv6sWQk4K8STWuUyCCA1BWQc=,Justificació de projectes subvencionats de Turisme,True
EHEoWjJ20RAZYUc6D113XFx3izW9hwEqq9ePqMByehc=,L'aigua i la Vida: adaptacions dels éssers vius a l'aigua,True
QivWYRMOg6Fvo/1YOqVv3GRgq/Ur8rrlwPmvb3h1Bzw=,L'Alcaldia als barris,True
Rpk720zxBgVqfcGd+/JM58ZczwozQTu9qdOx6H8QtqU=,Liquidació ICIO definitiu,True
1szZydSz4dnv9kKdrATkOQZAOQV2PrvnXuXkGTVvitw=,Liquidació ICIO provisional,False
eSChmEcvXBSL2SDPo4fNy3eHV8jBmT9f3HKh91d7FNg=,"Llicència d'obertura de rases, cates, canalitzacions o connexions de subministrament a la via pública - Autorització de llicència d'obres",True
0jS8p15o9r9XGaXxvyRc/6AlIE3O+lr+U+M0txxANYU=,Llicència municipal d'espectacles públics i activitats recreatives extraordinàries (amb autoliquidació).,True
tYXs0wIqhCex5fKRIhFRIaf1L3vVVvxbuqQ8v0R43fc=,Llicència municipal d'espectacles públics i activitats recreatives extraordinàries.,True
JkVDbwXPlYtZSp7IX0GMvVcIjwhh7tggt6GJyoQz+8k=,Llicència municipal d'establiments oberts al públic d'espectacles públics i activitats recreatives ordinàries,True
tqWm8zY47cgMKQBsWHSSFui1G9lTY60DDgtiof1mVh8=,Llicències i comunicacions d'activitats,True
CKPNfKOSoRsY8i6I4mv2NHTTZ7nMG3N4bFG6kAqgwLQ=,Llicències urbanístiques i comunicacions prèvies d'obres,True
lHvnGuYl5SkpW9KDJRP2MYSATWPTGUrHxJRZjEqFkHY=,"Matrícula a escola de música (Iniciació, Nivell Elemental i Nivell Mitjà)",True
gTk1BdICX5VPWSIr/A4RFHHGjQlz+nneDtD7DGgqQ6s=,Matrícula Conservatori - Curs 2023/2024,True
UB/+/4VCn9ooDi68CzszNGuGdBJiBqUQraB1EKcDYJs=,Matrícula Escola d'Adults,True
Wsw9nmHuWr+DwaHL4D1CISG9oVgXDVy1Ydmhb5ZfT3k=,Matrícula Escola Municipal de Música - Curs 2024/2025,True
WP4h5DjPwvW9aXJPOtEFJX0yII8XsNbVn8X6ahpXWuA=,"Matrimoni civil,  reserva de Saló de Plens",True
vJ81PVdfSmoBEN44qtnn/0+G+GlzYtAa0FuzhF+jBj4=,Mesures destinades a les persones i famílies amb risc de perdre l'habitatge habitual de lloguer,True
EQGGuvLHna8NG5N7e6UZwdpWSiAAdtOhFVpZtIlCevI=,Mesures destinades a les persones i famílies amb risc de perdre l'habitatge habitual en règim de propietat (hipoteca),True
cdE/FX9nkbVSRcSSisnLvQZsXbL7E8XAnw3C0Kgxc9o=,Microtalls elèctrics,True
8Wf49XBgCGcgNABdZXXPWdnO9x9Mch03p/MePiH9d80=,Modificació de dades personals al Padró d'habitants,True
EiadmkPdQcSmO5aAqOUhUP2gUgppC1shS7rl03LyemE=,MODIFICACIÓ de la condició de resident / Bonificació tarifa de vehicle amb etiqueta ZERO en zona blava,True
UumdoCGilHtHDvLLmH1jaEhSosOTaUGKQrcX0NHrub8=,Modificació del Pla Especial del catàleg de construccions en sòl no urbanitzable - Participació Ciutadana,True
Yx+RQGsH7YMtpI4/iSdkM+22u3entFHiK9ktsLD8sPE=,"Modificació, pròrroga, anul·lació o retorn de l'aval de l'autorització de la llicència per rases, cates, canalitzacions o connexions de subministrament a la via pública",True
V8Fjib+Caby3Tde/X21VHRPpCWeLVjXSE5EHbRcRnKA=,"Morir dignament, un dret humà",True
F0FxuAnVJA3WDDZZMDgt1bN/9jrpJF+r5uqBB5xV9i4=,"Multes de circulació (consulta de fotografies, identificació de conductors, interposició d'al·legacions o recursos, petició o aportació de proves)",True
LPAh/u3aYGy0b9PuIxsCavKzKSpHd72LuJ36UohOXjQ=,Obertura / Comunicació nova activitat,True
Gc4Qj8eNEv/G0stuxWl7zVWi/wjzUSWmVclik3hHoFs=,Ocupació amb expositors annex a establiment comercial (verduleries/floristeries/premsa). (mobilitat),True
490DoH1DQBjn66YXgGs6sIJX2OBhQrYnEdiz442xamk=,Ocupació amb vetlladors permanents o anuals (mobilitat),True
PHFxbytvKYRmiCQNubzjCjS0N4ZqXty1i/TSaXerMho=,Ocupació amb vetlladors puntuals (festes majors o de barri). Mobilitat,True
Lnh4o5Sah3vitjvJwJnC8EOM0LXkdUFxarNl26xbad8=,Ocupació de la via pública durant la festivitat de Sant Jordi 2024,False
7tDEHLpPbeg4L1HDGm1jyUkXx4EOKSiPoG3kLIkV+OI=,Ocupació o activitats a la via pública,True
dM4GEnTbPNMZMtHvRaamUPzLiQZdiQKhhSxzzq4+5jA=,"Ocupació per activitats diverses, comercials, publicitàries i/o divulgatives",True
2Qvvkknck5jz5iEpRsax61fo7+amGIEH2F0CxFNT7Y0=,"Ocupació per càrrega i descàrrega, plataformes, bastides, tanques, mudances talls, circulació i similars (mobilitat)",True
lg8rgimIcE9e46NhD6VmMwKjmn944U3FBAUZOr3KE8g=,Ocupació per Contenidors d’obra (mobilitat).,True
CvyCqN84tnDWgDVZX8ZB8u1s9K2x5eNZ6dX3GTKXFFI=,"Ocupacions de caire associatiu o veïnal, espectacles públics, actes recreatius, culturals o esportius. (mobilitat)",True
miZZWxyNVvN5qsSjGFXdToTA9VSxm+ATFAMtfWM2jQA=,Oferta Pública d'Ocupació: Convocatòries d'oposicions i borses de treball,True
bcvRTlzeNl3Ov1enJ2P73YHQK61lP8caLYM7FzHdknQ=,Oficina de Drets Humans,True
Vt9zjbrY/+YLDYw+mkVj4vzZYJYcdts4ixwvIxLwToE=,Oficina municipal d'assessorament a persones amb problemes en el pagament de l'habitatge,True
jGnkHH8mPoPis9NISEG0lnRJjWM644xiG3JY4IWeKgQ=,Oficina Virtual Tributària,True
dSMRDLDF1CZb9GPYC1UiP7BIHyBWP8wsVd3siMeI1XA=,Orientació jurídica gratuïta,True
sglLj7R6snMu0WEryY7LEM0dSvIINUWpHkB42Wd8bA8=,Orientació psicològica gratuïta,True
yNDobpo+Z1usqkR5G5tPFq46tr43tMWpREQU4vaqbrM=,"Padró d'Habitants: gestions d'alta, canvi de domicili, sol·licitud de certificats i altres gestions relacionades",True
RCpCs9BW1/4J4mx7MYOG9C7uSqKXtVqevqCfSsa3B/U=,Pagament de la taxa per l'ús del Saló de Plens per celebració de matrimoni (autoliquidació),True
FXsstyLmlPiuxL7WakE9U+7zokq15spNJ1HvFsunNZs=,Pagaments,True
QcZC8Bs9JhGd2Hxvnefcptj2MYom6IfjzpijfEEX3Ws=,Partner educatiu,True
sOQkNwl/Uo1b6s04QVPXRp3wHiRXjQBfTckhHLFWbsU=,Passaport,True
xYiWrhNGmcvhA4v7bMuudKRo0sAagsjUY6WTVsCqnHU=,Permís d'ocupació de l'espai públic per a filmacions,True
+Ti5iuCSbvCPrzcrOWtfasZM9ALnysMq1mdbcPGMklg=,Petició d'accés a la informació pública,True
hIOyVEHTmZOSV878Fj+lStVp37Tqk6DizDjSmjwyN8M=,Petició de la targeta de vehicle elèctric,True
eDMGlyTJy+FZQM8bq8VBz9eYJGTiWIGHJYRTSy/tzDc=,Petició de proves contra una denúncia de circulació : informes o fotos. (En cas de multes amb descompte),True
vcUJWvdFZ3aBGGM92rEwOWtAodwTakhe0aa61Cy8u3E=,Piscines municipals 2024,False
2Y8qtsU+7LnCDTGeDlCoIbhsBETmh4WenTl0WWsgO6k=,Pla de desenvolupament comunitari,True
TXlRHIC0bSBnpO/dSZTmiNR3nTS9V9BJioUqRPAQjS8=,Pla Municipal de Responsabilitat Social,True
shHDk/QoSooXZ+M0iGQPSEuZDzyL5xvJIW/GSy+yb9A=,Pla personalitzat de pagament,True
BQEIfAzs+GT6AoOgFnRK+H3bgJqVvk4Y6Vh0bivzD1s=,Plenari dels Infants i Adolescents,True
eTMaWjjODLHL5mc4H1w6Gq7rwr/AT3aJkGOCgsx1+nQ=,Pobresa energètica,True
GIqmJg6vCAlxaSAtqXmsiXqK86F6Sz1H8fu3XDWRaj0=,Pobresa energètica i dificultats de pagament de l'habitatge habitual,True
9aYDunEeEQlVvx5Y1ptqCcrrW7IKTljJ+wi5q9+zWzw=,"Pràctiques de tatuatge, micropigmentació i pírcing",True
jrZbVDn8RlHocn7u9jt38qjiubziujyzzA93/DKgm+s=,Preguntes freqüents i zones de resident zona blava (carrerers i plànol),True
gzTjAMhkNdzwl0+6ykNlRsyb00xBxFKeaHmvqOH2lHM=,Preinscripció Escola Municipal de Música - Curs 2023/2024,True
x/At55SmJ9bWRpGNUjc4XlDGdVgBuufOpqyJNNljYds=,Preinscripció Escola Municipal de Música - Curs 2023/2024: Escola d'adults,True
pY1ydgVl3V9A5EEYpNOaCJAITcs8elNQKjDRfIP7BDs=,Preinscripció Escola Municipal de Música - Curs 2023/2024: Nivell Elemental,True
8Hb7+7aAsy1VoOdnmtbqfGHB1RtIJqspmIwbcCYomLA=,Preinscripció Escola Municipal de Música - Curs 2023/2024: Nivell Iniciació,True
1ZVMBW08dwVlcFGpeIrL/fhBUHPD/e/GeWnxeLebdcA=,Presentació d'al·legacions,True
fzeGJIQZKg8ysEBKNeI0klFv3nKxsyYHAY6l+OUnBpg=,Presentació d'al·legacions a les llistes d'admesos i exclosos,True
YvWjL1iQGR63+VO154Gt42SHNoustGrZIZHohslGlNM=,Presentació d'al·legacions a les puntuacions provisionals del anunci,True
zNKPyR63IDWxoi5JpM+TXmC0SkHrSPdrWLFX06NYDoA=,Presentació d'al·legacions a una denúncia de circulació (en cas que la multa tingui descompte),True
iPIiYvnuvagyIRWfwGigLJq0CsHODhlDaLW821GWBMQ=,Presentació d'al·legacions i aportació de documentació per a la borsa de treball de Tècnic/a Salut Pública,True
X/W2iYpdiGP28UqgEQrmy1M0sfitlvzrHR53R3JSO0g=,Presentació d'al·legacions i aportació de documentació per a procediments selectius / borsa de treball,True
d41o99zj1DdaIkuPR2Tz+ZTfmISq51wMTD4Iu8A0ANY=,Presentació de factures electròniques,True
E72kKawpsZtQB1mK4PJ0bopuB2LNzIwWLkxvgdVCywM=,Presentació de sol·licituds per a la Borsa de treball de tècnic superior de gestió cultural en difusió i comunicació,True
QZMyY3+JU988LLqzk/WmtH4i5e+A1dOfSB+WDF6nY/s=,"Presentació de subvencions per concessió directa per raons d'interès públic, social, econòmic o humanitari",True
Krk95hgcNFKy39qkI7LYqN5SXlsLxmH8WDb7ZaU6VW4=,Presentació de subvencions sense concurrència de tipus nominatives de Turisme,True
T0hDrTE/II/mj996XFtrdfbVzByQyb0Wgw6lyES4IQk=,"Presentació de subvencions sense concurrència,  de tipus nominatives",True
5gslufbyA8PK/xcvZEad6QeGdtPxny89lL0lri/ZPNw=,Presentació declaració trimestral taxa aprofitaments especials,True
qv0b4ZlED8wRkdMS03ZEQHVp1nxQuejawuj4vUjj2es=,Presentació d'escrits al departament de Recursos Humans,True
XWJ+YW6M4tJZUregvw4rxqb26+kIS1CmbDIT+TGd6RM=,Presentació d'una Moció al Ple,True
cEAZVp9DG/0jaDbThzPwl0cgAX3wMbnuRm9i229deIs=,Presentar una queixa a la Sindicatura de Greuges,True
uQXKTM9RZ2aON5CVJ7tj25UktRxZ7FtxxqQ6IdLvTuc=,Préstec bibliogràfic i ús de la Biblioteca,True
bTZe8XgBUK8RYjBj+mkyjEmyNxCZScaT6+NKiHvb3ck=,Procediment de selecció i nomenament o contractació de personal directiu. Òrgan directiu: Director/a Adjunt/a de Promoció de la Ciutat,False
wwd09wsKzB1RwWjdNf5Eiq12TwPZMdXjQkIU5oguUow=,Procediment de selecció i nomenament o contractació de personal directiu. Òrgan directiu: Director/a Executiu/va,False
0Ue+KB4emSbIzCM0jKjd3MD9oPIoTOrhyb+h/Lao9sU=,Procés de selecció per a la provisió d’un lloc de Tècnic/a Dinamitzador/a del Centre d’Innovació Digital Agroalimentari i Forestal,True
gZAd93Polb1wOrdiZecwNxkUU6m5/rG7+ib/3XTbg8A=,Procés d'estabilització pel sistema selectiu de concurs de mèrits,True
DJPv5u8uPdniwhcKQJ02+3eQStkRQV3VhnP/sbV0lrw=,Procés d'estabilització pel sistema selectiu de concurs oposició,True
NSbZsKq5O40ob9fbRIm1B608rRqXiZKfyjAnqkQH5CU=,Projecte educatiu de promoció de la salut i parentalitat positiva,True
Pg8jSNeBWrEBhiHjqrjD05LrWM79uavQltj9sfdCy2o=,Projectes per a Ludoteques Municipals,True
+fMaLoK/BqzaE+L2DM8WjufzaXXcBZG5VcUUspZNkDI=,Proposta d'instal·lació d'aparcaments per a bicicletes,True
QlaHAwMc0cuNHS8kRcbCWFl4aLBHVgbQcSOi0yG3HYg=,Propostes de noves denominacions de carrers i espais públics,True
TuA2G4GjZgx7Ni1FmV2/SwgqxZH8Dxfw3eC6pN+dCTw=,Pròrroga de comunicació prèvia d'obres,True
NXqUg2VUVfPS4PyahaxQwoR5OfwSr+dy8IcMTM3Al5M=,Pròrroga de la llicència urbanística,True
yJ+4PTsn5NClfx4kHjsBjg9efwr5idRWbT3kyNwRLt0=,Pròrroga de projectes subvencionats,True
YhuIm6tyAnZGsnEY/GZ3C+tKWyqsU5bZtal8rLV7HSM=,Provisional d'un títol funerari,True
MNhTLdfHiqztF5fHn8pRdsr1h9wU43XeH62AYvNkfVo=,"Publicitat d'ONG, entitats sense ànim de lucre inscrites en el Registre Municipal d'Entitats",True
Lyum+hkCLWwYifFhG4DdI4cJMs2frF0k3WgohLvr7wE=,Publicitat en vehicles dedicats al transport públic subjectes a llicència municipal (taxis),True
2QpfEaWqPcK0otBl28RH07Z/SeYdvszbpZDokQSOMvc=,Publicitat en vehicles NO subjectes a llicència municipal,True
N2aMjmxK2MfynxHdtK2yCur8LltmJ8gUXjEQLjXsCyE=,Publicitat manual i/o oral,True
d8OaC0H8ZoWWpOf6gUiEu0pd8cJiJ5+AcMncYDPOCJY=,Punt de voluntariat,True
fQwcfCUg9IC8A0zV1YqC9hkjzVJQRZQJfOzIKuy29O8=,Reconeixement de serveis prestats en altres administracions,True
1oDRgrwLsa5U4QPmdiAlPgTECan4WKcnpIlulLOekRk=,Reconeixement del temps treballat a l’Ajuntament,True
9GbScvHE4wJvxYqcawKrsFa+QzXbf/xi5xkEucn6P24=,Reformulació de projectes subvencionats,True
FJjShMxUbLjLSWHTDIPxPI7KvoaBxQKiecdTbrubel4=,"Règim d'ús, funcionament i sol·licitud dels horts urbans",False
Ml3A9EcjVCSQrOgzD2Z6yF1sIXnMImiFPBRmn86SWKs=,Registre de sol·licitants d'habitatge amb protecció oficial,True
3aR0xA5ZI+N3lXRnz9DpSCjdTfCGDTG1Cs1AtBQq9QE=,Registre Electrònic Comú - (sol·licituds genèriques adreçades a altres Administracions),True
mOCGi/SRz6QS5xsYr9iEwoEgHlqoWasGq8qpn18txfk=,Registre municipal d'establiments minoristes d'alimentació,True
BqtSfqjBkoqzFh6vHHDNG5OFdp61Eux3q8viqEHMsYY=,Registre municipal d'unions estables en parella,True
/ZHrTbJK0Er0nTsBomIpAvaB8Sq1Xt+Lb1Bi8lBtaII=,Registres d'unions estables en parella,True
F9E3LL7Kh985saCqKBn0c3ii6tOVs16DEPz2FVqbeWY=,Rellotges d'estacionament en zones de càrrega i descàrrega,True
8JmqdX/K8HCSEdM9fi+kzpojZSwTyrQ9xAqLW/af9JA=,Renovació de la inscripció en el Padró Municipal d'Habitants,True
FFdwMUhViFsBXwcrMrUqyD2qSERkCxY9tEk4H/+CRJ4=,RENOVACIÓ de resident en zona blava / Bonificació tarifa vehicle amb etiqueta ZERO en zona blava,True
Oz2GwQP4LL2HUyvVokbgUllyDcBfSNSNJIvIRsQLvuQ=,Renovació sol·licitud de teletreball (modalitat voluntària),True
gJu3IvVc2xgkgUhQrzexuSx4Eg+qdu9B68iddrb+M48=,Renúncia a la sol·licitud de teletreball,True
ynLqBjXz23qUpPfWTjdcxARGXSI5pEjKXEU7i32kokM=,Repartiment domiciliari i/o publicitat telemàtica,True
VTPlUmANlAg/Uabb4+1ZvMBk7xbOLWHLGwEiXjE/GdI=,Reserva de les activitats educatives del Museu,True
61c2ChKJfLjn4kUK/dBT3mvoNpNZK5mJQE8cb7OmESk=,Reserva de sales de l'Auditori,True
+kKhgUgWOsYKFrnH+SXCmnqFK3A+DNBjs7OD4T3QuBw=,Reserva de sales del Servei d'Educació,True
V8i5REKs/sr3QqdEvFqHuk0uM7dX3YugcOOVV0iiKYg=,Reserva de sales dels equipaments cívics municipals,True
TJHH+woDYsxPCE8bU/oNYx3dp0j5vyRKGrNjDHw3YIg=,Reserva de visites guiades al Museu,True
fDGX/Xnb601yiwAhIWDrmWPaZWDNUPfJ2Rs5wupyH7E=,Reserva de visites per al Centre d'Art,True
724ItZuOL/mHyQNkBgWibUQnHvRD2Sh23hRd8dd+6/s=,Reserva del Teatre,True
RNEBnZUdElKkkbr6MRWTwLn04lM4nUTcgNiGCVzKSdA=,"Reserva d'espais municipals (sales, centres cívics, locals socials i equipaments)",True
0YQd00Wmq6WYN6jpLOJG7XlRiVbymZiciIp0Y7wDtIQ=,Reserva d'estacionament prohibit,True
uJDERgHQcRIuoPYXIxVgH/6tX5SvfB9pznqo8VMtRR0=,Reserva espais del Museu,True
L887zt71Np/ETLfIYFaPBTlc4J+uxIqpAtUC1Yp8epA=,Reserva sales d'exposicions municipals i altres espais de la Regidoria de Cultura,True
SNYBPS4ZmNCZmgZz345rsds+zomfAV0yk5Hq3lSuSwE=,Resposta a l'embargament de sous i salaris: baixa a l'empresa,True
L7OwYHVylPk0rWLELj8BUNuXe+30xvQDEklonVwSqVs=,Resposta a l'embargament de sous i salaris: compleix amb embargaments previs,True
Dz7v8ieyv1IIpi/jt3JhYszl55Ti/SL2cE5YiKGQ9pQ=,Resposta a l'embargament de sous i salaris: es durà a terme l'embargament,True
Ju8AQESnTOgB7/zhdpclckEQajsm+M4xg76hHxuaAOc=,Resposta a l'embargament de sous i salaris: sou inferior al salari mínim interprofessional,True
hF+w3acnPg2mzamXHL8ZkbKwHvLY4OuLD1xU3e6yUiU=,Resposta a requeriments i aportació de documentació mitjançant l'Oficina Virtual Tributària,True
fVuvvP1HVVyGE/7B7OC7uv8OSD2Au55LvR46IbExOg0=,Resposta de l'empresa a l'embargament de sous i salaris,True
YtI1GCTKZAR0g3QbijJScbUavLucqQ1OM8tOMtq1IDQ=,Servei d'ajuda a domicili,True
NVMqpInhbPaMaLDy0OuA03rgcJVUWAk6b+RCINxh7yg=,Servei d'alerta d'activitats esportives del Servei d'Esports,True
u9ifwPyjwpNUXvbQytGGJbdgofPxISzYHs+mMQh0oCE=,Servei d'alerta de la Regidoria de Promoció de la Ciutat,True
hX5iuFOh2XNF15jz6U7sqNRs1oGdGU3sczAiOLq8mQo=,Servei d'alerta de les activitats de natura i medi ambient,True
J50dUW7V3Qc59Y7yePp8YL4eaZDAfzD3T1kyOTS6/ss=,Servei d'assessorament electrònic a l'usuari - open data,True
do4XlbSFxhonYvPlXZlyALnYeBpemL/+iLeX3WiUc8U=,Servei d'assistència telefònica a la ciutadania en l'àmbit de Benestar social,True
/oN4oi0HZ8zVv6XnkX8lY7fCAHXzVxKKnUoyt2AhDuo=,Servei d'assistència telefònica per a la tramitació,True
V7bV1+G6vhtOVGPaBFM1iokcylzSEJQnmuaghmsBy7A=,Servei d'atenció a persones sordes o amb discapacitat auditiva i/o de fonació,True
xrCYkPOD2TiTnseJ0HntEtAq4KFQ10Zzi8/1Dh4TQbA=,Servei d'atenció i sol·licitud cita per al Servei d’Acollida Municipal,True
b/1RBCsCH07Ki1264rEJo9OjGe57fq9DknSYq0c7TkM=,Servei d'atenció i sol·licitud de cita per a l'Oficina d'Informació al Consumidor,True
lhAU21X4+C92XQhwRGvugW+b61kJC/L1KjEgfRld0pE=,Servei d'atenció i sol·licitud de cita per al Servei d’Atenció al col·lectiu LGBTIQ+,True
kQLx46++wvorgwWbup02qndwHh+x2wKzsiCGLNSYEwM=,Servei de cita de l'Oficina d'Atenció Ciutadana,True
rhUHKAXm4JJK963jOJRJrHT9nkpgcIVoH13Soz58FQE=,SERVEI DE MENJADOR I/O ACOLLIDES. Escoles bressol municipals. Curs 2024/2025,True
F4bcwZyquMBVnWw9B/zmv2G29Zn79wHhval168B+IcM=,Servei municipal de salut jove,True
Chccbhavj9vaebwJjuz5mWxLRc6l3k2LvwerQbENZBM=,Servei públic de transport esporàdic per a persones amb mobilitat reduïda (alta com a usuari del servei públic de taxi),True
qBq7LGnABZUfpE6nxuvX+ja2Ah1Z2vCdeTMBBs8uRX0=,Serveis d'atenció i Cita Prèvia,True
WBHLbbnSBTFnxBc4jqRllGmIj6MSiPr8ilK534yLrIQ=,Serveis d'Intervenció Socioeducatius de 0 a 18 anys,True
Rh5isWKSgCiSlwppdiQmNM1DCkTq2PrNQsLZ8hjv/c0=,Sol·licitar certificats d'empadronament,True
eV2MflnXXzSiegPqFCfl92LMW1vj7+m3hhFcM7I29Lc=,Sol·licitar la celebració de la cerimònia de matrimoni civil,True
bGeEDzIYvENzmbi/mrxSRXMEOd4dMtZBW5jXU5atu8U=,Sol·licitud bonificació de la quota de l’IBI per a famílies nombroses,True
CpBU5YKvQoCjChQQIVhZUKmCcChN5n6Rohj5DoDHwdM=,Sol·licitud d'autorització d'abocament a la xarxa de clavegueram d'aigües residuals d'origen industrial,True
ccv/U2VF4xODItfAtCTq7hZyAEdNUoMEi1zqX3T11Yo=,"Sol·licitud d'autorització d'abocament amb camió cisterna, d'aigües residuals d'origen domèstic",True
b2WcfCPY3pzWd/VKKxlyNiOZ65JKTmpwGyLd+NSrZqY=,"Sol·licitud d'autorització d'abocament amb camió cisterna, d'aigües residuals d'origen industrial assimilable a urbà",True
0gbz+MnWl3Qyu4z4S7aRAkbJuqwBpOEcKfld/X11uEs=,Sol·licitud d'autorització d'abocament d'aigües residuals a la xarxa de clavegueram per a usuaris assimilables a domèstics - Declaració Responsable,True
+NoTO0ItlnsY3BVIot97xdqd429P3E5EDa09XUEQHJk=,Sol·licitud d'autorització de caça per danys,True
2FNAlCwCZFJTzhZeSQHNbqJjvTDFEkq+EvR6MIZlhkE=,Sol·licitud de Bestreta,True
gUIuriFo2D2WhsOCn272PDS0EfqQYCS4uE+RR/uCbeY=,Sol·licitud de bonificació del carnet de ludoteques,False
Ql6coDToRk8PgJcnZz3NnCMGWoH5jxp4sTIV/QyiiJE=,"Sol·licitud de Bonificació per obres, instal·lacions o construccions que siguin declarades d’especial interès o utilitat municipal",True
frDSxTNK5yqzrEhVh5+T6+hA6OK+y5pgJOsDfOpUNTY=,SOL·LICITUD DE BONIFICACIONS. Escoles bressol municipals. Curs 2024-2025,True
PvVqEdYtGQNYwVvjb7w11F5InKlV/g2eBJP4e74xYQk=,Sol·licitud de convalidació de matèries als estudis d'ESO i Batxillerat. Curs 2024/2025. Conservatori i Escola de Música,True
AJzMGh0IPXy8mQyjH91vwAqH19cABHCm/ULXETuYiY8=,Sol·licitud de devolució de garanties,True
oiCQt/OvI6Ui2AkSR42OzB9XUh8nixGEKEDPrjLa1fE=,Sol·licitud de llicència ambiental d'inici o modificació substancial,True
eo4YI18w7tI/xxl8Jm0E73qcLxSuAo956rtMLX6uE1M=,Sol·licitud de llicència ambiental d'inici o modificació substancial (amb autoliquidació),True
osFJtyAxnItKVNvCG16YCarLtJ/1cTl5tEHDhYh6lNA=,Sol·licitud de Llicència urbanística,True
JHqEpd+TL5xVSiBGzTM5ihJ2bZgLzvDJrSibaqVX70I=,Sol·licitud de mediació i/o d'arbitratge de Consum,True
/wxt/boSaFMKPxB5WUu23+/2PLSjBILyILBzvRlwbiI=,Sol·licitud de nous estacionaments reservats per a la càrrega i descàrrega de mercaderies,True
7CWPCiRrDXnoeEeqJWpO8pTSODTTHvWBPyFEV1E6zvM=,Sol·licitud de nous estacionaments reservats per a motocicletes,True
wKghdZzCnhjiC45DT5Rq8AByBe/Pn6lHNgwyUM04n4g=,Sol·licitud de nous estacionaments reservats per a vehicles de persones amb mobilitat reduïda,True
+P1T5jsqGWcF0eJ0g9ZX7HHKQdaxE8OTAm9uMUcdRJ8=,Sol·licitud de pagament d'hores extres,True
RKqZgf07CRP+VrWQ6G3cNZoVlbq3QXotjSwIK+V8fpM=,Sol·licitud de pràctiques,True
WblNyRoMEJH0UwKM9nhg05l2s/F+p5QLKh03jHfGKEQ=,Sol·licitud de pròrroga de la declaració de l'impost de la Plusvàlua,True
wxbYHUehHF9K9VH5wvMIXYgSEqkpgqJ/eBuJeiwglYI=,Sol·licitud de subvenció d'Educació - Ajut destinat a potenciar l'èxit educatiu en el marc del Pla Educatiu d'Entorn. 2024 (1a convocatòria curs 2024-2025),False
uGH5MCnz8Q2Eq7CIWYF8P3bDWlDrwdrf8sRzwB4zzAc=,Sol·licitud de teletreball (modalitat voluntària),True
4FWedmiXKQZj3ijPo98zGbZFuEN2HeVsSRvWBtJoJk4=,Sol·licitud del carnet de ludoteques i autoliquidació de la taxa,False
D3JGFw0FQUyunvbRMx3FzRRug/1EeHYfFwBOa8z8rr0=,Sol·licitud del certificat de convivència històric en situació d'alta (ingrés mínim vital) per rebre'l via ELECTRÒNICA,True
MG/zNOck4gS/YZUc+C3lRpKpV2pmXKJV6iVenpDAh64=,Sol·licitud del servei d'assessorament energètic,True
Fg+K1gFXby5Bvly/wxbxrBoEYZhEAr14RjXE86Anlls=,Sol·licitud d'exempció de les taxes dels horts urbans per situació de vulnerabilitat econòmica,True
TrIbBwFAUvP8+E0KIvLARx2n1S8PjAm/g71u7PXxXJA=,Sol·licitud d'expedients de Guàrdia Urbana,True
drG8wvTOxZA0k1pOnka/AQwkv2DqPXri94bEjZWQn9o=,Sol·licitud d'informe d'adequació de l'habitatge,True
JUwSaRpbi/y8QypYeWoCX8hYqrxVWk7HBxcs5wApqfI=,Sol·licitud d'informe d'adequació de l'habitatge per renovar autoritzacions de residència en virtut del reagrupament familiar,True
tLe7KQYSjirLsMdFe5JXTRNDBrNOEL1IJVq4XsnyrJ8=,Sol·licitud d'informe d'arrelament social a Catalunya,True
gAlbECuR8HaJOPLLdOkurRhS56FYwb3vhbZc+rcPxWI=,Sol·licitud d'informe de compatibilitat urbanística,True
kmKkTGvUykJepVvnmsEt697K2gp/viF6sLDhMc9u8aw=,Sol·licitud d'informe d'integració social (renovació de residència temporal),True
AMG0KtTs/6D06x1m87ZJrKYvBJwPtMJLIyCz69eDsJ8=,Sol·licitud d'informe previ en matèria d'incendis (amb autoliquidació),True
Jo1akekRqU9QhiICgagP34vEONvdC9J0FFkUfHJUOgA=,Sol·licitud donar de BAIXA/INACTIVA a una entitat del Registre Municipal d'Entitats,True
/dIZEULTf8w+C6Hxd609twuaS2HOnKX5iJy3O/KxuEE=,Sol·licitud d'ús / autorització d'activitats a les pistes poliesportives,True
vN1+GheNuC/e841IMpOWVfjk6owGwjum5UtvwYV+c5E=,Sol·licitud d'ús d'instal·lacions esportives municipals per la temporada 2024/25,False
LrPiCQ0PzE9fViVJhJ2yl+Sir1GQB5XhrPhTVk0wZe0=,Sol·licitud d'ús d'instal·lacions esportives municipals per la temporada 2024/25 - Clubs Esportius i Associacions sense ànim de lucre.,False
ruIe61tLMFiUAu5z6DBQ6Yo9rhDRhNQ59W2jroj9Uho=,Sol·licitud d'ús d'instal·lacions esportives municipals per la temporada 2024/25 - Escoles,False
cMXDgr2aKO2s1zeuIO4KpWuaetkCug+AkxzER7hkTro=,Sol·licitud exempció de la quota de l’IBI per a Entitats sense Ànim de Lucre,True
xbb+9Y1jPpO/d2uV9KnBrzGQKNc5dfWYBoG306cHFB8=,Sol·licitud genèrica,True
cjvzkq6xbGCzAXqyjryVAbebm0bqAiaNi1ltve4GsDQ=,Sol·licitud informe d'autorització de servituds aeronàutiques,True
nWwVnAOE35fs8w7hSrGuLoz7u2PITShnIs1b0+UmbXU=,Sol·licitud o renovació del carnet de ludoteques i autoliquidació de la taxa corresponent a la matrícula i al material,True
BKgtl5SrugPAH6s+Ob6cyUmUfpTKwhEWn8GhTY8yFEE=,"Sol·licitud per a la plantació, naturalització i manteniment d’escocells",True
TAT8YmjwhmsEytqmAmbftRl0645WB3oZA98lMVgm3gc=,Sol·licitud per a l'adjudicació d'un espai de 'coworking',True
eaWHxa1/CHbT8AXVdVo6T66EHN/t7ccb2O1jNpATx0E=,Sol·licitud per a l'ocupació de la via pública per a filmacions,True
pLioF3LwXF7fBQI/VSiCgvU1nynYB4RzKdbICulsW1Q=,Sol·licitud tributària (altres),True
x6peBcm33zWh6AUB9DWn6okaCRSZzmGJPLWXzlgeBkk=,Sol·licitud/Renovació llicència per a la tinença i conducció d'animals potencialment perillosos,True
5AOJgpHwSWik4zfOpQNkjCICo+Lj2wo2ZK8oUuDN2XU=,Sol·licituds relacionades amb la gestió d'aigua i clavegueram,True
FIIguHN9TUe+lFWF4DVrXdMJCBTmkHb/4wmh8PuwnSM=,Subscripció/Revocació a la notificació electrònica fiscal,True
KH+yJrdypDmB6/qqr/2ZPFNdmjxIhEu787dWTg7jIIY=,Subvenció destinada a la promoció i protecció de la salut i a la sensibilització envers la Salut Pública,False
7KeFRlUjJq/AEYJEWKLpiDS5OaoiG/7aJ7TVBN3WELk=,Subvencions de Benestar Social,True
Xu73LceEGxPUl0ymTLkTr10Odq8onQg0eAUV/Y1JyPg=,Subvencions de Comunicació,True
8FckAT1LLackEPO4PZwke6KywXhNG1RwKXllkjdazMo=,"Subvencions de Consum, Comerç i Mercats",True
uCms+bz5qz69Q1S1XYmVC+vbH1PHspYPRcJW8ibl19Q=,Subvencions de Cooperació,True
RYNtoZ+zwq3z7xACcuZRyq99kAEd0F14HImWrBwxXto=,Subvencions de Cultura,True
IuiYcBnRLogEnGyeTDXt6H7PkXx2WQBMFdUeWh5ZPNU=,Subvencions de Govern Obert,True
/3JQ89bxH5lmeJX6KK7AucRpkUy+FoNooW081i7o8TM=,Subvencions de Joventut,True
fkGLaUCJDDg4WdMvVlcxvAJrTVtykGmkrP99we97EcE=,Subvencions de Participació Ciutadana,True
0a80M4FbOTgep5zLFpPnRKjdMoLMzZ5Vmlh8c8FWw3M=,Subvencions de Polítiques Feministes,True
Jk5HypeKkse7CqWk7ZtH9o7aX8jeUJ4EV4wqSru1TeQ=,Subvencions de Promoció Econòmica,True
fEH768gxOwRx9+cCQaJ7kZyVMIvfkfHqCFBAX0lC5mE=,Subvencions de Protecció Civil,True
2PKHVTv+MkTQ8sVtw182mRKJCgtMHeL8H495KDTYRg8=,Subvencions de Salut Pública,True
EO8hQhcnrFVsteZW0AJWCYE8OjrvVaRBXsU1OvNuCJU=,Subvencions de Turisme,True
JA0l26XIQigY6hfjANZCEGtyjL/8FvtBCEV7CqcEZbE=,Subvencions d'Educació,True
tqSSBIMfYHH5n7ZtJ1aeaC2QjvI/iyKyBkb2+RfImDk=,Subvencions d'Esports,True
B2WhWBx6hc2GAgBEDOGY4Z3bTKBUFuCIzwlBdq0Q9m0=,Targeta d'aparcament de transport col·lectiu per a persones amb mobilitat reduïda,True
XGd8Z+7o+2aLBVyuf+B2j8vFZqtBKYjkl1ETwPXXDSw=,Targeta d'aparcament individual per a persones amb mobilitat reduïda,True
Awkf0DrO9cE8f08qXldJJ6tM4xpwyZ6fatm1DTWGlTM=,Targeta de transport públic,True
JR3M6kAbcTiig9H4W+5Jg8EUSRjCx3VejYz+2Kjn1RQ=,Targeta de transport públic gratuït per usuaris de 65 anys o més,True
sm0zWOfl3NiUzAvCXNTdMa1LBa2ux+JJdI2taczuP9E=,Targeta de transport públic per a escolars,True
0ss+KTEEhjAfMHH/E8cE7cTADqvd6rQhPedjJBLWEWo=,Targeta d'estacionament per a serveis públics,True
wg9tKOORBAg+vdmcRtl6uI9fbo2femzpcBsjbtJftIo=,Targeta d'estranger o targeta resident (NIE),True
lQ2/QQbttb//Cq6sX7nU/Le1xQlQIGq+CCsaGzeVsus=,Taxa d'aprofitaments especials a favor d'empreses explotadores de subministraments que afectin la generalitat o una part important del veïnat,True
hFnVtYO9b8m43gIZv2cp7TWXGlYaey/1lV0Sdc8Arz8=,Taxa o preu públic per la recollida d'escombraries (rebut de la brossa),True
miOaT/3KS5U21xkKooUwjngD2sK2hWE3NIofOSjQTnk=,Teleassistència,True
Ybu6HPIx1ZTlQ96CeRNFybLfcI3XNy+sEFGOYqlqT5g=,Títols funeraris,True
SobRqgBRE56saujuzusnJnqSWKpVnFZg2xsIhZXTAqs=,"Tractem-nos bé. Tallers per a centres d'Educació Secundària, Batxillerat i Formació Professional",True
YOMEe7mMMknWjTuwGr7WXfn1dnqEK+4HfNnOtGdgIRI=,Tràmit de proposta de creació de Comissions temàtiques al Consell de Ciutat,False
P4Q6gkDsbhCGxUwmtixk2Irkp/Ha53MOsICngBGPlcw=,Tràmits de Recursos Humans - Nòmines i seguretat social,True
1Md/CMIDv+dA/sqoOlDLAQdHtFGDr9Rs/ZFAepOyXEc=,Transmissió de la llicència urbanística,True
rr3p5ud2jrgr0f6lZkwW21lzsiO08NenZh7VfQ4dDo8=,Transport amb autobús (regular i discrecional) sense reserva especial a la via pública,True
ik3i2d4evzWAc10ke+iDxeRwv3zViLuTvbxMm0HpCqo=,Traspàs de magatzem en el Mercat Central de Fruites i Verdures,True
CJcD6NerWmve7k2yDtCNgbzNz2i1VhTjxxG0MEdEZ7Q=,Traspàs del dret d'ús de parada o local en règim de concessió en un mercat municipal,True
mXTLdHkd4pkXMumas3mzo5Y5pf4b5K9UMGa0aENvooc=,Treball als barris - dispositius d'orientació i inserció.,True
/bibhZIje8ttoNCixHlQeemRHnz4GjfsbvxDN24M/O4=,"Ús social dels centres públics d'educació infantil, primària i escoles bressol",True
aqQQEQ/WfW0Kkl+dXbVxKR9mRSHhe9giGx/YCQxvpFY=,Utilització de la Sala Polivalent del Casal,True
USm66/9uHEixfkxd3Tse/A/hWdrRIPxZ/smFlkMKnII=,Voluntariat per la llengua,True
AcxAgm8Zc6SGwdqTfe23veKpiKc4Pj6SXeWBCyZHt2Y=,Xerrada Online. Compostatge pràctic,False
A=,A,true
B=,B,true
C=,C,true
D=,D,true
E=,E,true
F=,F,true
G=,G,true